ID_Exp_Mant,Nombre_Operario,Nombre_Componente,Nombre_Planta,Explicacion
EXPM_001,Manuel Jiménez,String_2,IFFCO,Se realizó una limpieza profunda del String debido a la acumulación de polvo y suciedad que afectaba la eficiencia. El procedimiento se llevó a cabo utilizando productos específicos para evitar daños en los componentes fotovoltaicos. La limpieza fue exitosa y se observó una mejora en el rendimiento tras el mantenimiento.
EXPM_002,Manuel Jiménez,Inversor_2,IFFCO,El inversor reportó una falla intermitente que se autoarregló después de realizar una revisión de software y ajustes de calibración. Se dejaron registros de las fluctuaciones detectadas y se recomendó monitoreo adicional para asegurar que el problema no reaparezca. La intervención fue exitosa y el sistema volvió a operar sin fallos.
EXPM_003,Laura Martos,Inversor_2,IFFCO,Detectado un fallo de sobrecalentamiento en el inversor. La operaria revisó las conexiones internas y observó que el sistema se autoreguló sin necesidad de intervención adicional. Se monitoreó durante 48 horas y no se observaron nuevas anomalías. La reparación fue considerada exitosa y no requirió piezas adicionales.
EXPM_004,Laura Martos,Inversor_2,IFFCO,Se realizó una reparación en las conexiones internas del inversor, donde se detectó un falso contacto que podría haber ocasionado fallas en el futuro. La intervención fue precisa y se verificó que la conexión fuera estable. La reparación fue exitosa y se prevé una revisión en 6 meses para garantizar su durabilidad.
EXPM_005,Álvaro Fernández,String_1,IFFCO,Reemplazo de panel fotovoltaico debido a una celda dañada. El panel se desmontó cuidadosamente y se sustituyó por uno nuevo del mismo modelo. La instalación se verificó para asegurar la correcta integración con el resto del sistema. El proceso fue exitoso, y se reportó una mejora del 10% en la eficiencia del String.
EXPM_006,Álvaro Fernández,String_3,IFFCO,Se detectó una falla en las conexiones de String_3, por lo que se realizó una reparación de las mismas. La revisión fue exhaustiva, asegurando que todos los puntos de contacto estuvieran firmes y sin signos de desgaste. El sistema volvió a funcionar de manera estable después de la reparación y se recomendó una inspección trimestral.
EXPM_007,Aitana Rangel,String_B,Hiper Dani,Revisión de conexiones en String_B debido a una baja en el rendimiento. Durante la inspección se encontraron algunos puntos con oxidación, que fueron limpiados y protegidos con una capa aislante. El rendimiento del String mejoró notablemente tras el mantenimiento. Reparación exitosa.
EXPM_008,Aitana Rangel,String_B,Hiper Dani,Realización de una segunda revisión en el mismo String para confirmar la efectividad del mantenimiento anterior. Se observaron mejoras continuas y no fue necesaria una intervención adicional. Mantenimiento exitoso y sin incidencias posteriores.
EXPM_009,Isaac Romero,String_A,Hiper Dani,Reemplazo de panel fotovoltaico que presentaba fisuras debido a un impacto. La operación incluyó la verificación de la integridad del marco de soporte y la instalación de un panel nuevo. El trabajo fue exitoso y el sistema se reestableció a plena capacidad. Se programó una inspección visual en el próximo trimestre.
EXPM_010,Isaac Romero,Inversor_A,Hiper Dani,Cambio completo del inversor que presentaba problemas de voltaje. Se realizó un reemplazo siguiendo los protocolos de seguridad, verificando que todos los parámetros estuvieran ajustados para una óptima integración. La intervención fue exitosa y se documentó un incremento en la eficiencia de salida del inversor.
EXPM_011,Adriana Martín,Inversor_C,Hiper Dani,El inversor mostró una auto-recuperación luego de un fallo momentáneo en la alimentación. La operaria observó la estabilización automática sin intervención manual y dejó registros para su monitorización futura. La operación fue considerada exitosa, aunque se decidió una revisión semanal para detectar posibles recurrencias.
EXPM_012,Adriana Martín,Inversor_B,Hiper Dani,Supervisión exhaustiva de todas las conexiones en el inversor para asegurar su correcto funcionamiento. Durante la inspección, no se encontraron fallos críticos, aunque se reforzaron los puntos de conexión para asegurar estabilidad a largo plazo. Mantenimiento preventivo completado sin incidentes.
EXPM_013,Manuel Jiménez,Inversor_1,IFFCO,Reparación de conexiones internas en el inversor debido a un fallo intermitente. Se ajustaron los conectores y se aplicó protección adicional contra la humedad. La intervención fue exitosa, y se recomendó un plan de mantenimiento trimestral para asegurar la durabilidad de los componentes.
